nombre,curso,codigo,url
MARTIN MANUEL MEDRANO CANDELA,Técnicas de Rescate para Espacios Confinados,NTVIQU,https://certiperu.com/certificados/NTVIQU
DIEGO ALEJANDRO TARAZONA GREGORIO,Técnicas de Rescate para Espacios Confinados,19E71K,https://certiperu.com/certificados/19E71K
JOSE LUIS RODRIGUEZ VILLANUEVA,Técnicas de Rescate para Espacios Confinados,VCROKA,https://certiperu.com/certificados/VCROKA
MARTIN MANUEL MEDRANO CANDELA,TRABAJO DE ALTO RIESGO,HOIJAD,https://certiperu.com/certificados/HOIJAD
DIEGO ALEJANDRO TARAZONA GREGORIO,TRABAJO DE ALTO RIESGO,1OPY2J,https://certiperu.com/certificados/1OPY2J
JOSE LUIS RODRIGUEZ VILLANUEVA,TRABAJO DE ALTO RIESGO,MXWH59,https://certiperu.com/certificados/MXWH59
